position,Frequency_Hz,Magnitude_dB,Color,Phase_deg,STI,STI_Degradation_%
TheHub-MidRoom,20.0,-33.8,#9467bd,-36.15,0.79,16.46
TheHub-MidRoom,20.71,-32.91,#9467bd,-35.56,0.79,16.46
TheHub-MidRoom,21.44,-32.05,#9467bd,-34.93,0.79,16.46
TheHub-MidRoom,22.2,-29.12,#9467bd,-34.24,0.79,16.46
TheHub-MidRoom,22.98,-28.51,#9467bd,-33.49,0.79,16.46
TheHub-MidRoom,23.79,-26.64,#9467bd,-32.68,0.79,16.46
TheHub-MidRoom,24.63,-24.46,#9467bd,-31.79,0.79,16.46
TheHub-MidRoom,25.5,-22.75,#9467bd,-30.83,0.79,16.46
TheHub-MidRoom,26.4,-22.77,#9467bd,-29.79,0.79,16.46
TheHub-MidRoom,27.33,-21.49,#9467bd,-28.67,0.79,16.46
TheHub-MidRoom,28.3,-19.23,#9467bd,-27.45,0.79,16.46
TheHub-MidRoom,29.3,-18.73,#9467bd,-26.13,0.79,16.46
TheHub-MidRoom,30.33,-16.6,#9467bd,-24.7,0.79,16.46
TheHub-MidRoom,31.41,-16.63,#9467bd,-23.17,0.79,16.46
TheHub-MidRoom,32.52,-14.5,#9467bd,-21.51,0.79,16.46
TheHub-MidRoom,33.66,-14.56,#9467bd,-19.74,0.79,16.46
TheHub-MidRoom,34.85,-13.29,#9467bd,-17.85,0.79,16.46
TheHub-MidRoom,36.08,-11.76,#9467bd,-11.63,0.79,16.46
TheHub-MidRoom,37.36,-11.34,#9467bd,-8.88,0.79,16.46
TheHub-MidRoom,38.68,-10.88,#9467bd,-5.91,0.79,16.46
TheHub-MidRoom,40.04,-10.49,#9467bd,-2.73,0.79,16.46
TheHub-MidRoom,41.46,-10.01,#9467bd,0.67,0.79,16.46
TheHub-MidRoom,42.92,-8.72,#9467bd,4.29,0.79,16.46
TheHub-MidRoom,44.44,-8.32,#9467bd,8.12,0.79,16.46
TheHub-MidRoom,46.01,-9.24,#9467bd,12.16,0.79,16.46
TheHub-MidRoom,47.63,-8.46,#9467bd,16.37,0.79,16.46
TheHub-MidRoom,49.32,-9.97,#9467bd,20.74,0.79,16.46
TheHub-MidRoom,51.06,-9.28,#9467bd,25.23,0.79,16.46
TheHub-MidRoom,52.86,-8.44,#9467bd,29.78,0.79,16.46
TheHub-MidRoom,54.73,-9.08,#9467bd,34.34,0.79,16.46
TheHub-MidRoom,56.66,-10.06,#9467bd,38.84,0.79,16.46
TheHub-MidRoom,58.66,-9.27,#9467bd,43.19,0.79,16.46
TheHub-MidRoom,60.74,-10.35,#9467bd,47.3,0.79,16.46
TheHub-MidRoom,62.88,-10.58,#9467bd,51.04,0.79,16.46
TheHub-MidRoom,65.1,-11.14,#9467bd,54.31,0.79,16.46
TheHub-MidRoom,67.4,-11.96,#9467bd,56.96,0.79,16.46
TheHub-MidRoom,69.78,-12.36,#9467bd,58.87,0.79,16.46
TheHub-MidRoom,72.25,-13.28,#9467bd,59.91,0.79,16.46
TheHub-MidRoom,74.8,-14.17,#9467bd,59.95,0.79,16.46
TheHub-MidRoom,77.44,-14.19,#9467bd,58.89,0.79,16.46
TheHub-MidRoom,80.18,-13.15,#9467bd,56.63,0.79,16.46
TheHub-MidRoom,83.01,-13.79,#9467bd,53.13,0.79,16.46
TheHub-MidRoom,85.94,-12.98,#9467bd,48.39,0.79,16.46
TheHub-MidRoom,88.98,-12.65,#9467bd,42.46,0.79,16.46
TheHub-MidRoom,92.12,-10.95,#9467bd,35.45,0.79,16.46
TheHub-MidRoom,95.37,-11.13,#9467bd,31.43,0.79,16.46
TheHub-MidRoom,98.74,-11.16,#9467bd,24.56,0.79,16.46
TheHub-MidRoom,102.23,-9.45,#9467bd,62.11,0.79,16.46
TheHub-MidRoom,105.84,-10.07,#9467bd,54.92,0.79,16.46
TheHub-MidRoom,109.58,-9.8,#9467bd,49.0,0.79,16.46
TheHub-MidRoom,113.45,-10.27,#9467bd,41.58,0.79,16.46
TheHub-MidRoom,117.46,-10.19,#9467bd,40.48,0.79,16.46
TheHub-MidRoom,121.6,-10.76,#9467bd,40.96,0.79,16.46
TheHub-MidRoom,125.9,-12.47,#9467bd,42.85,0.79,16.46
TheHub-MidRoom,130.35,-12.46,#9467bd,45.59,0.79,16.46
TheHub-MidRoom,134.95,-12.29,#9467bd,48.33,0.79,16.46
TheHub-MidRoom,139.72,-12.45,#9467bd,47.85,0.79,16.46
TheHub-MidRoom,144.65,-11.16,#9467bd,48.42,0.79,16.46
TheHub-MidRoom,149.76,-12.2,#9467bd,45.67,0.79,16.46
TheHub-MidRoom,155.05,-11.43,#9467bd,39.54,0.79,16.46
TheHub-MidRoom,160.53,-10.6,#9467bd,30.55,0.79,16.46
TheHub-MidRoom,166.2,-9.98,#9467bd,19.82,0.79,16.46
TheHub-MidRoom,172.07,-10.77,#9467bd,8.74,0.79,16.46
TheHub-MidRoom,178.15,-10.65,#9467bd,-1.38,0.79,16.46
TheHub-MidRoom,184.44,-11.73,#9467bd,-3.69,0.79,16.46
TheHub-MidRoom,190.95,-11.92,#9467bd,-4.79,0.79,16.46
TheHub-MidRoom,197.7,-11.3,#9467bd,-3.97,0.79,16.46
TheHub-MidRoom,204.68,-12.13,#9467bd,5.42,0.79,16.46
TheHub-MidRoom,211.91,-11.98,#9467bd,16.47,0.79,16.46
TheHub-MidRoom,219.4,-11.81,#9467bd,26.49,0.79,16.46
TheHub-MidRoom,227.15,-13.72,#9467bd,31.78,0.79,16.46
TheHub-MidRoom,235.17,-12.63,#9467bd,29.35,0.79,16.46
TheHub-MidRoom,243.48,-12.09,#9467bd,18.93,0.79,16.46
TheHub-MidRoom,252.08,-12.48,#9467bd,3.6,0.79,16.46
TheHub-MidRoom,260.98,-12.63,#9467bd,-11.85,0.79,16.46
TheHub-MidRoom,270.2,-12.51,#9467bd,-23.74,0.79,16.46
TheHub-MidRoom,279.74,-11.93,#9467bd,-31.06,0.79,16.46
TheHub-MidRoom,289.62,-13.2,#9467bd,-36.09,0.79,16.46
TheHub-MidRoom,299.85,-11.55,#9467bd,-27.27,0.79,16.46
TheHub-MidRoom,310.45,-11.58,#9467bd,-15.73,0.79,16.46
TheHub-MidRoom,321.41,-11.56,#9467bd,1.23,0.79,16.46
TheHub-MidRoom,332.76,-10.83,#9467bd,15.79,0.79,16.46
TheHub-MidRoom,344.52,-11.08,#9467bd,16.66,0.79,16.46
TheHub-MidRoom,356.69,-10.17,#9467bd,0.87,0.79,16.46
TheHub-MidRoom,369.28,-9.61,#9467bd,-21.19,0.79,16.46
TheHub-MidRoom,382.33,-9.57,#9467bd,-37.3,0.79,16.46
TheHub-MidRoom,395.83,-9.66,#9467bd,-46.66,0.79,16.46
TheHub-MidRoom,409.81,-8.2,#9467bd,-47.82,0.79,16.46
TheHub-MidRoom,424.29,-9.35,#9467bd,-48.99,0.79,16.46
TheHub-MidRoom,439.28,-9.85,#9467bd,-50.15,0.79,16.46
TheHub-MidRoom,454.79,-10.64,#9467bd,-51.31,0.79,16.46
TheHub-MidRoom,470.86,-10.98,#9467bd,-52.47,0.79,16.46
TheHub-MidRoom,487.49,-12.1,#9467bd,-53.64,0.79,16.46
TheHub-MidRoom,504.71,-12.15,#9467bd,-54.81,0.79,16.46
TheHub-MidRoom,522.54,-12.03,#9467bd,-55.98,0.79,16.46
TheHub-MidRoom,540.99,-12.13,#9467bd,-46.09,0.79,16.46
TheHub-MidRoom,560.1,-10.08,#9467bd,-19.7,0.79,16.46
TheHub-MidRoom,579.88,-9.56,#9467bd,0.47,0.79,16.46
TheHub-MidRoom,600.37,-8.88,#9467bd,-22.89,0.79,16.46
TheHub-MidRoom,621.57,-8.08,#9467bd,-53.15,0.79,16.46
TheHub-MidRoom,643.53,-6.59,#9467bd,-63.17,0.79,16.46
TheHub-MidRoom,666.26,-8.2,#9467bd,-64.41,0.79,16.46
TheHub-MidRoom,689.79,-7.13,#9467bd,-65.67,0.79,16.46
TheHub-MidRoom,714.16,-6.77,#9467bd,-66.94,0.79,16.46
TheHub-MidRoom,739.38,-7.64,#9467bd,-68.24,0.79,16.46
TheHub-MidRoom,765.5,-7.78,#9467bd,-69.56,0.79,16.46
TheHub-MidRoom,792.54,-7.93,#9467bd,-70.91,0.79,16.46
TheHub-MidRoom,820.53,-8.38,#9467bd,-72.29,0.79,16.46
TheHub-MidRoom,849.51,-7.57,#9467bd,-73.71,0.79,16.46
TheHub-MidRoom,879.52,-7.95,#9467bd,-65.44,0.79,16.46
TheHub-MidRoom,910.59,-7.93,#9467bd,-22.28,0.79,16.46
TheHub-MidRoom,942.75,-7.72,#9467bd,-44.43,0.79,16.46
TheHub-MidRoom,976.05,-7.93,#9467bd,-79.77,0.79,16.46
TheHub-MidRoom,1010.53,-8.63,#9467bd,-81.41,0.79,16.46
TheHub-MidRoom,1046.22,-8.49,#9467bd,-83.1,0.79,16.46
TheHub-MidRoom,1083.17,-8.49,#9467bd,-84.84,0.79,16.46
TheHub-MidRoom,1121.43,-7.62,#9467bd,-86.65,0.79,16.46
TheHub-MidRoom,1161.05,-9.63,#9467bd,-88.53,0.79,16.46
TheHub-MidRoom,1202.06,-9.08,#9467bd,-90.47,0.79,16.46
TheHub-MidRoom,1244.51,-9.29,#9467bd,-92.48,0.79,16.46
TheHub-MidRoom,1288.47,-9.64,#9467bd,-94.56,0.79,16.46
TheHub-MidRoom,1333.98,-9.85,#9467bd,-96.7,0.79,16.46
TheHub-MidRoom,1381.1,-9.27,#9467bd,-98.92,0.79,16.46
TheHub-MidRoom,1429.89,-9.84,#9467bd,-62.92,0.79,16.46
TheHub-MidRoom,1480.39,-9.49,#9467bd,-82.04,0.79,16.46
TheHub-MidRoom,1532.68,-9.67,#9467bd,-105.93,0.79,16.46
TheHub-MidRoom,1586.82,-9.02,#9467bd,-108.37,0.79,16.46
TheHub-MidRoom,1642.87,-9.69,#9467bd,-110.84,0.79,16.46
TheHub-MidRoom,1700.9,-9.56,#9467bd,-113.33,0.79,16.46
TheHub-MidRoom,1760.98,-8.95,#9467bd,-115.83,0.79,16.46
TheHub-MidRoom,1823.18,-9.57,#9467bd,-118.31,0.79,16.46
TheHub-MidRoom,1887.58,-9.41,#9467bd,-120.75,0.79,16.46
TheHub-MidRoom,1954.25,-9.33,#9467bd,-123.13,0.79,16.46
TheHub-MidRoom,2023.28,-9.87,#9467bd,-125.41,0.79,16.46
TheHub-MidRoom,2094.74,-10.34,#9467bd,-127.57,0.79,16.46
TheHub-MidRoom,2168.73,-10.82,#9467bd,-129.56,0.79,16.46
TheHub-MidRoom,2245.34,-10.45,#9467bd,-131.37,0.79,16.46
TheHub-MidRoom,2324.64,-9.8,#9467bd,-102.4,0.79,16.46
TheHub-MidRoom,2406.76,-9.47,#9467bd,-134.28,0.79,16.46
TheHub-MidRoom,2491.77,-9.09,#9467bd,-135.32,0.79,16.46
TheHub-MidRoom,2579.78,-9.73,#9467bd,-136.06,0.79,16.46
TheHub-MidRoom,2670.9,-9.88,#9467bd,-136.48,0.79,16.46
TheHub-MidRoom,2765.24,-10.37,#9467bd,-136.59,0.79,16.46
TheHub-MidRoom,2862.92,-10.76,#9467bd,-136.4,0.79,16.46
TheHub-MidRoom,2964.04,-9.88,#9467bd,-135.95,0.79,16.46
TheHub-MidRoom,3068.74,-11.33,#9467bd,-135.28,0.79,16.46
TheHub-MidRoom,3177.13,-10.73,#9467bd,-134.47,0.79,16.46
TheHub-MidRoom,3289.35,-10.38,#9467bd,-133.63,0.79,16.46
TheHub-MidRoom,3405.54,-10.57,#9467bd,-132.86,0.79,16.46
TheHub-MidRoom,3525.83,-9.6,#9467bd,-132.3,0.79,16.46
TheHub-MidRoom,3650.37,-8.84,#9467bd,-132.1,0.79,16.46
TheHub-MidRoom,3779.3,-10.03,#9467bd,-132.4,0.79,16.46
TheHub-MidRoom,3912.8,-9.36,#9467bd,-133.33,0.79,16.46
TheHub-MidRoom,4051.0,-9.13,#9467bd,-134.99,0.79,16.46
TheHub-MidRoom,4194.09,-8.58,#9467bd,-137.43,0.79,16.46
TheHub-MidRoom,4342.24,-8.61,#9467bd,-140.65,0.79,16.46
TheHub-MidRoom,4495.61,-8.5,#9467bd,-144.55,0.79,16.46
TheHub-MidRoom,4654.4,-9.56,#9467bd,-148.95,0.79,16.46
TheHub-MidRoom,4818.81,-9.03,#9467bd,-153.58,0.79,16.46
TheHub-MidRoom,4989.02,-8.9,#9467bd,-158.08,0.79,16.46
TheHub-MidRoom,5165.24,-7.9,#9467bd,-162.05,0.79,16.46
TheHub-MidRoom,5347.68,-9.14,#9467bd,-165.09,0.79,16.46
TheHub-MidRoom,5536.57,-9.25,#9467bd,-166.86,0.79,16.46
TheHub-MidRoom,5732.14,-8.94,#9467bd,-167.17,0.79,16.46
TheHub-MidRoom,5934.6,-8.33,#9467bd,-166.03,0.79,16.46
TheHub-MidRoom,6144.23,-9.62,#9467bd,-163.71,0.79,16.46
TheHub-MidRoom,6361.25,-8.6,#9467bd,-160.76,0.79,16.46
TheHub-MidRoom,6585.94,-8.14,#9467bd,-157.98,0.79,16.46
TheHub-MidRoom,6818.57,-8.25,#9467bd,-156.26,0.79,16.46
TheHub-MidRoom,7059.41,-7.57,#9467bd,-156.39,0.79,16.46
TheHub-MidRoom,7308.77,-8.34,#9467bd,-158.88,0.79,16.46
TheHub-MidRoom,7566.93,-7.65,#9467bd,-163.67,0.79,16.46
TheHub-MidRoom,7834.2,-7.88,#9467bd,-170.06,0.79,16.46
TheHub-MidRoom,8110.92,-7.73,#9467bd,-176.73,0.79,16.46
TheHub-MidRoom,8397.41,-8.82,#9467bd,177.98,0.79,16.46
TheHub-MidRoom,8694.03,-7.41,#9467bd,175.53,0.79,16.46
TheHub-MidRoom,9001.12,-8.22,#9467bd,176.62,0.79,16.46
TheHub-MidRoom,9319.05,-7.56,#9467bd,-179.34,0.79,16.46
TheHub-MidRoom,9648.22,-7.64,#9467bd,-174.28,0.79,16.46
TheHub-MidRoom,9989.01,-7.46,#9467bd,-170.92,0.79,16.46
TheHub-MidRoom,10341.84,-7.83,#9467bd,-171.66,0.79,16.46
TheHub-MidRoom,10707.13,-8.48,#9467bd,-177.22,0.79,16.46
TheHub-MidRoom,11085.33,-7.32,#9467bd,174.19,0.79,16.46
TheHub-MidRoom,11476.88,-7.12,#9467bd,166.41,0.79,16.46
TheHub-MidRoom,11882.27,-7.53,#9467bd,163.46,0.79,16.46
TheHub-MidRoom,12301.97,-6.31,#9467bd,166.86,0.79,16.46
TheHub-MidRoom,12736.5,-5.87,#9467bd,173.88,0.79,16.46
TheHub-MidRoom,13186.38,-5.89,#9467bd,178.65,0.79,16.46
TheHub-MidRoom,13652.14,-6.15,#9467bd,176.08,0.79,16.46
TheHub-MidRoom,14134.36,-5.72,#9467bd,166.53,0.79,16.46
TheHub-MidRoom,14633.61,-4.65,#9467bd,156.74,0.79,16.46
TheHub-MidRoom,15150.5,-7.14,#9467bd,154.78,0.79,16.46
TheHub-MidRoom,15685.64,-6.35,#9467bd,161.96,0.79,16.46
TheHub-MidRoom,16239.69,-5.21,#9467bd,169.79,0.79,16.46
TheHub-MidRoom,16813.31,-5.99,#9467bd,167.71,0.79,16.46
TheHub-MidRoom,17407.18,-6.06,#9467bd,155.79,0.79,16.46
TheHub-MidRoom,18022.04,-5.72,#9467bd,147.01,0.79,16.46
TheHub-MidRoom,18658.61,-6.16,#9467bd,151.89,0.79,16.46
TheHub-MidRoom,19317.66,-5.36,#9467bd,162.32,0.79,16.46
TheHub-MidRoom,20000.0,-6.1,#9467bd,160.36,0.79,16.46
TheHub-BackCorner,20.0,-23.4,#1f77b4,-35.35,0.8,16.11
TheHub-BackCorner,20.71,-22.3,#1f77b4,-34.74,0.8,16.11
TheHub-BackCorner,21.44,-22.55,#1f77b4,-34.07,0.8,16.11
TheHub-BackCorner,22.2,-21.47,#1f77b4,-33.35,0.8,16.11
TheHub-BackCorner,22.98,-21.24,#1f77b4,-32.57,0.8,16.11
TheHub-BackCorner,23.79,-20.22,#1f77b4,-31.73,0.8,16.11
TheHub-BackCorner,24.63,-19.41,#1f77b4,-30.81,0.8,16.11
TheHub-BackCorner,25.5,-19.07,#1f77b4,-29.82,0.8,16.11
TheHub-BackCorner,26.4,-19.92,#1f77b4,-28.74,0.8,16.11
TheHub-BackCorner,27.33,-18.9,#1f77b4,-27.58,0.8,16.11
TheHub-BackCorner,28.3,-17.95,#1f77b4,-26.32,0.8,16.11
TheHub-BackCorner,29.3,-17.94,#1f77b4,-24.96,0.8,16.11
TheHub-BackCorner,30.33,-17.13,#1f77b4,-23.49,0.8,16.11
TheHub-BackCorner,31.41,-16.47,#1f77b4,-21.91,0.8,16.11
TheHub-BackCorner,32.52,-15.75,#1f77b4,-20.21,0.8,16.11
TheHub-BackCorner,33.66,-15.23,#1f77b4,-18.4,0.8,16.11
TheHub-BackCorner,34.85,-15.14,#1f77b4,-16.46,0.8,16.11
TheHub-BackCorner,36.08,-14.26,#1f77b4,-10.19,0.8,16.11
TheHub-BackCorner,37.36,-14.44,#1f77b4,-7.39,0.8,16.11
TheHub-BackCorner,38.68,-13.97,#1f77b4,-4.37,0.8,16.11
TheHub-BackCorner,40.04,-12.52,#1f77b4,-1.13,0.8,16.11
TheHub-BackCorner,41.46,-13.49,#1f77b4,2.32,0.8,16.11
TheHub-BackCorner,42.92,-13.27,#1f77b4,6.0,0.8,16.11
TheHub-BackCorner,44.44,-11.31,#1f77b4,9.9,0.8,16.11
TheHub-BackCorner,46.01,-12.41,#1f77b4,13.99,0.8,16.11
TheHub-BackCorner,47.63,-11.51,#1f77b4,18.27,0.8,16.11
TheHub-BackCorner,49.32,-11.04,#1f77b4,22.71,0.8,16.11
TheHub-BackCorner,51.06,-10.33,#1f77b4,27.26,0.8,16.11
TheHub-BackCorner,52.86,-10.18,#1f77b4,31.88,0.8,16.11
TheHub-BackCorner,54.73,-9.71,#1f77b4,36.52,0.8,16.11
TheHub-BackCorner,56.66,-10.28,#1f77b4,41.1,0.8,16.11
TheHub-BackCorner,58.66,-10.42,#1f77b4,45.53,0.8,16.11
TheHub-BackCorner,60.74,-9.82,#1f77b4,49.71,0.8,16.11
TheHub-BackCorner,62.88,-10.02,#1f77b4,53.54,0.8,16.11
TheHub-BackCorner,65.1,-9.52,#1f77b4,56.89,0.8,16.11
TheHub-BackCorner,67.4,-10.25,#1f77b4,59.63,0.8,16.11
TheHub-BackCorner,69.78,-9.13,#1f77b4,61.64,0.8,16.11
TheHub-BackCorner,72.25,-10.25,#1f77b4,62.77,0.8,16.11
TheHub-BackCorner,74.8,-9.97,#1f77b4,62.91,0.8,16.11
TheHub-BackCorner,77.44,-9.77,#1f77b4,61.95,0.8,16.11
TheHub-BackCorner,80.18,-10.16,#1f77b4,59.8,0.8,16.11
TheHub-BackCorner,83.01,-9.66,#1f77b4,56.41,0.8,16.11
TheHub-BackCorner,85.94,-10.73,#1f77b4,51.78,0.8,16.11
TheHub-BackCorner,88.98,-10.44,#1f77b4,45.96,0.8,16.11
TheHub-BackCorner,92.12,-11.08,#1f77b4,39.07,0.8,16.11
TheHub-BackCorner,95.37,-11.66,#1f77b4,35.18,0.8,16.11
TheHub-BackCorner,98.74,-11.34,#1f77b4,28.44,0.8,16.11
TheHub-BackCorner,102.23,-11.81,#1f77b4,66.12,0.8,16.11
TheHub-BackCorner,105.84,-12.31,#1f77b4,59.07,0.8,16.11
TheHub-BackCorner,109.58,-14.3,#1f77b4,53.28,0.8,16.11
TheHub-BackCorner,113.45,-15.44,#1f77b4,46.01,0.8,16.11
TheHub-BackCorner,117.46,-15.59,#1f77b4,45.05,0.8,16.11
TheHub-BackCorner,121.6,-16.3,#1f77b4,45.69,0.8,16.11
TheHub-BackCorner,125.9,-17.4,#1f77b4,47.73,0.8,16.11
TheHub-BackCorner,130.35,-17.56,#1f77b4,50.64,0.8,16.11
TheHub-BackCorner,134.95,-17.86,#1f77b4,53.54,0.8,16.11
TheHub-BackCorner,139.72,-17.3,#1f77b4,53.24,0.8,16.11
TheHub-BackCorner,144.65,-17.65,#1f77b4,53.97,0.8,16.11
TheHub-BackCorner,149.76,-16.69,#1f77b4,51.41,0.8,16.11
TheHub-BackCorner,155.05,-15.89,#1f77b4,45.46,0.8,16.11
TheHub-BackCorner,160.53,-14.38,#1f77b4,36.66,0.8,16.11
TheHub-BackCorner,166.2,-14.74,#1f77b4,26.12,0.8,16.11
TheHub-BackCorner,172.07,-14.44,#1f77b4,15.24,0.8,16.11
TheHub-BackCorner,178.15,-14.49,#1f77b4,5.32,0.8,16.11
TheHub-BackCorner,184.44,-12.77,#1f77b4,3.22,0.8,16.11
TheHub-BackCorner,190.95,-13.09,#1f77b4,2.33,0.8,16.11
TheHub-BackCorner,197.7,-13.65,#1f77b4,3.36,0.8,16.11
TheHub-BackCorner,204.68,-14.02,#1f77b4,12.96,0.8,16.11
TheHub-BackCorner,211.91,-12.9,#1f77b4,24.23,0.8,16.11
TheHub-BackCorner,219.4,-12.74,#1f77b4,34.48,0.8,16.11
TheHub-BackCorner,227.15,-13.52,#1f77b4,39.99,0.8,16.11
TheHub-BackCorner,235.17,-13.19,#1f77b4,37.79,0.8,16.11
TheHub-BackCorner,243.48,-14.21,#1f77b4,27.6,0.8,16.11
TheHub-BackCorner,252.08,-14.47,#1f77b4,12.5,0.8,16.11
TheHub-BackCorner,260.98,-13.58,#1f77b4,-2.73,0.8,16.11
TheHub-BackCorner,270.2,-14.36,#1f77b4,-14.39,0.8,16.11
TheHub-BackCorner,279.74,-13.15,#1f77b4,-21.49,0.8,16.11
TheHub-BackCorner,289.62,-12.96,#1f77b4,-26.29,0.8,16.11
TheHub-BackCorner,299.85,-12.48,#1f77b4,-17.25,0.8,16.11
TheHub-BackCorner,310.45,-11.78,#1f77b4,-5.5,0.8,16.11
TheHub-BackCorner,321.41,-11.92,#1f77b4,11.67,0.8,16.11
TheHub-BackCorner,332.76,-11.53,#1f77b4,26.43,0.8,16.11
TheHub-BackCorner,344.52,-10.75,#1f77b4,27.49,0.8,16.11
TheHub-BackCorner,356.69,-10.18,#1f77b4,11.87,0.8,16.11
TheHub-BackCorner,369.28,-9.62,#1f77b4,-10.03,0.8,16.11
TheHub-BackCorner,382.33,-9.13,#1f77b4,-25.99,0.8,16.11
TheHub-BackCorner,395.83,-9.42,#1f77b4,-35.23,0.8,16.11
TheHub-BackCorner,409.81,-10.41,#1f77b4,-36.29,0.8,16.11
TheHub-BackCorner,424.29,-8.82,#1f77b4,-37.37,0.8,16.11
TheHub-BackCorner,439.28,-10.88,#1f77b4,-38.48,0.8,16.11
TheHub-BackCorner,454.79,-10.85,#1f77b4,-39.63,0.8,16.11
TheHub-BackCorner,470.86,-11.68,#1f77b4,-40.81,0.8,16.11
TheHub-BackCorner,487.49,-13.08,#1f77b4,-42.03,0.8,16.11
TheHub-BackCorner,504.71,-13.11,#1f77b4,-43.31,0.8,16.11
TheHub-BackCorner,522.54,-13.21,#1f77b4,-44.63,0.8,16.11
TheHub-BackCorner,540.99,-13.36,#1f77b4,-34.95,0.8,16.11
TheHub-BackCorner,560.1,-13.25,#1f77b4,-8.82,0.8,16.11
TheHub-BackCorner,579.88,-13.19,#1f77b4,11.01,0.8,16.11
TheHub-BackCorner,600.37,-12.61,#1f77b4,-12.74,0.8,16.11
TheHub-BackCorner,621.57,-12.37,#1f77b4,-43.48,0.8,16.11
TheHub-BackCorner,643.53,-11.19,#1f77b4,-54.05,0.8,16.11
TheHub-BackCorner,666.26,-10.32,#1f77b4,-55.93,0.8,16.11
TheHub-BackCorner,689.79,-10.49,#1f77b4,-57.92,0.8,16.11
TheHub-BackCorner,714.16,-9.71,#1f77b4,-60.02,0.8,16.11
TheHub-BackCorner,739.38,-9.0,#1f77b4,-62.24,0.8,16.11
TheHub-BackCorner,765.5,-8.04,#1f77b4,-64.59,0.8,16.11
TheHub-BackCorner,792.54,-9.52,#1f77b4,-67.08,0.8,16.11
TheHub-BackCorner,820.53,-7.5,#1f77b4,-69.69,0.8,16.11
TheHub-BackCorner,849.51,-8.09,#1f77b4,-72.45,0.8,16.11
TheHub-BackCorner,879.52,-9.01,#1f77b4,-65.63,0.8,16.11
TheHub-BackCorner,910.59,-8.43,#1f77b4,-24.0,0.8,16.11
TheHub-BackCorner,942.75,-8.15,#1f77b4,-47.77,0.8,16.11
TheHub-BackCorner,976.05,-9.55,#1f77b4,-84.82,0.8,16.11
TheHub-BackCorner,1010.53,-8.95,#1f77b4,-88.21,0.8,16.11
TheHub-BackCorner,1046.22,-9.44,#1f77b4,-91.71,0.8,16.11
TheHub-BackCorner,1083.17,-9.62,#1f77b4,-95.28,0.8,16.11
TheHub-BackCorner,1121.43,-9.92,#1f77b4,-98.9,0.8,16.11
TheHub-BackCorner,1161.05,-10.08,#1f77b4,-102.54,0.8,16.11
TheHub-BackCorner,1202.06,-9.88,#1f77b4,-106.15,0.8,16.11
TheHub-BackCorner,1244.51,-10.18,#1f77b4,-109.71,0.8,16.11
TheHub-BackCorner,1288.47,-10.42,#1f77b4,-113.15,0.8,16.11
TheHub-BackCorner,1333.98,-9.48,#1f77b4,-116.43,0.8,16.11
TheHub-BackCorner,1381.1,-9.78,#1f77b4,-119.47,0.8,16.11
TheHub-BackCorner,1429.89,-10.02,#1f77b4,-83.94,0.8,16.11
TheHub-BackCorner,1480.39,-10.72,#1f77b4,-103.1,0.8,16.11
TheHub-BackCorner,1532.68,-9.6,#1f77b4,-126.56,0.8,16.11
TheHub-BackCorner,1586.82,-9.28,#1f77b4,-128.02,0.8,16.11
TheHub-BackCorner,1642.87,-9.35,#1f77b4,-128.94,0.8,16.11
TheHub-BackCorner,1700.9,-9.38,#1f77b4,-129.26,0.8,16.11
TheHub-BackCorner,1760.98,-9.68,#1f77b4,-128.95,0.8,16.11
TheHub-BackCorner,1823.18,-10.92,#1f77b4,-128.01,0.8,16.11
TheHub-BackCorner,1887.58,-11.22,#1f77b4,-126.46,0.8,16.11
TheHub-BackCorner,1954.25,-11.34,#1f77b4,-124.35,0.8,16.11
TheHub-BackCorner,2023.28,-12.37,#1f77b4,-121.78,0.8,16.11
TheHub-BackCorner,2094.74,-12.31,#1f77b4,-118.88,0.8,16.11
TheHub-BackCorner,2168.73,-12.65,#1f77b4,-115.84,0.8,16.11
TheHub-BackCorner,2245.34,-12.09,#1f77b4,-112.87,0.8,16.11
TheHub-BackCorner,2324.64,-12.55,#1f77b4,-79.68,0.8,16.11
TheHub-BackCorner,2406.76,-11.01,#1f77b4,-108.21,0.8,16.11
TheHub-BackCorner,2491.77,-11.78,#1f77b4,-107.1,0.8,16.11
TheHub-BackCorner,2579.78,-11.59,#1f77b4,-107.17,0.8,16.11
TheHub-BackCorner,2670.9,-11.04,#1f77b4,-108.65,0.8,16.11
TheHub-BackCorner,2765.24,-11.65,#1f77b4,-111.68,0.8,16.11
TheHub-BackCorner,2862.92,-12.71,#1f77b4,-116.27,0.8,16.11
TheHub-BackCorner,2964.04,-12.02,#1f77b4,-122.31,0.8,16.11
TheHub-BackCorner,3068.74,-12.5,#1f77b4,-129.49,0.8,16.11
TheHub-BackCorner,3177.13,-12.68,#1f77b4,-137.31,0.8,16.11
TheHub-BackCorner,3289.35,-12.69,#1f77b4,-145.12,0.8,16.11
TheHub-BackCorner,3405.54,-12.1,#1f77b4,-152.13,0.8,16.11
TheHub-BackCorner,3525.83,-12.63,#1f77b4,-157.53,0.8,16.11
TheHub-BackCorner,3650.37,-11.65,#1f77b4,-160.59,0.8,16.11
TheHub-BackCorner,3779.3,-11.47,#1f77b4,-160.81,0.8,16.11
TheHub-BackCorner,3912.8,-10.63,#1f77b4,-158.06,0.8,16.11
TheHub-BackCorner,4051.0,-10.76,#1f77b4,-152.71,0.8,16.11
TheHub-BackCorner,4194.09,-10.58,#1f77b4,-145.72,0.8,16.11
TheHub-BackCorner,4342.24,-10.92,#1f77b4,-138.51,0.8,16.11
TheHub-BackCorner,4495.61,-11.0,#1f77b4,-132.83,0.8,16.11
TheHub-BackCorner,4654.4,-11.81,#1f77b4,-130.41,0.8,16.11
TheHub-BackCorner,4818.81,-11.11,#1f77b4,-132.48,0.8,16.11
TheHub-BackCorner,4989.02,-12.1,#1f77b4,-139.32,0.8,16.11
TheHub-BackCorner,5165.24,-11.43,#1f77b4,-149.96,0.8,16.11
TheHub-BackCorner,5347.68,-11.65,#1f77b4,-162.11,0.8,16.11
TheHub-BackCorner,5536.57,-12.3,#1f77b4,-172.58,0.8,16.11
TheHub-BackCorner,5732.14,-12.32,#1f77b4,-178.18,0.8,16.11
TheHub-BackCorner,5934.6,-12.35,#1f77b4,-176.91,0.8,16.11
TheHub-BackCorner,6144.23,-12.36,#1f77b4,-169.06,0.8,16.11
TheHub-BackCorner,6361.25,-11.95,#1f77b4,-157.68,0.8,16.11
TheHub-BackCorner,6585.94,-10.79,#1f77b4,-147.91,0.8,16.11
TheHub-BackCorner,6818.57,-10.61,#1f77b4,-145.04,0.8,16.11
TheHub-BackCorner,7059.41,-10.91,#1f77b4,-151.86,0.8,16.11
TheHub-BackCorner,7308.77,-9.12,#1f77b4,-166.45,0.8,16.11
TheHub-BackCorner,7566.93,-10.89,#1f77b4,177.87,0.8,16.11
TheHub-BackCorner,7834.2,-9.57,#1f77b4,169.58,0.8,16.11
TheHub-BackCorner,8110.92,-9.75,#1f77b4,173.84,0.8,16.11
TheHub-BackCorner,8397.41,-9.25,#1f77b4,-171.98,0.8,16.11
TheHub-BackCorner,8694.03,-9.3,#1f77b4,-158.27,0.8,16.11
TheHub-BackCorner,9001.12,-9.13,#1f77b4,-156.78,0.8,16.11
TheHub-BackCorner,9319.05,-9.34,#1f77b4,-171.01,0.8,16.11
TheHub-BackCorner,9648.22,-9.81,#1f77b4,168.98,0.8,16.11
TheHub-BackCorner,9989.01,-9.07,#1f77b4,160.19,0.8,16.11
TheHub-BackCorner,10341.84,-10.73,#1f77b4,171.07,0.8,16.11
TheHub-BackCorner,10707.13,-9.41,#1f77b4,-169.7,0.8,16.11
TheHub-BackCorner,11085.33,-9.89,#1f77b4,-164.75,0.8,16.11
TheHub-BackCorner,11476.88,-9.33,#1f77b4,177.15,0.8,16.11
TheHub-BackCorner,11882.27,-9.03,#1f77b4,155.53,0.8,16.11
TheHub-BackCorner,12301.97,-8.9,#1f77b4,157.65,0.8,16.11
TheHub-BackCorner,12736.5,-8.24,#1f77b4,-179.68,0.8,16.11
TheHub-BackCorner,13186.38,-9.41,#1f77b4,-171.64,0.8,16.11
TheHub-BackCorner,13652.14,-9.13,#1f77b4,165.52,0.8,16.11
TheHub-BackCorner,14134.36,-7.99,#1f77b4,146.48,0.8,16.11
TheHub-BackCorner,14633.61,-7.81,#1f77b4,163.49,0.8,16.11
TheHub-BackCorner,15150.5,-9.2,#1f77b4,-176.34,0.8,16.11
TheHub-BackCorner,15685.64,-8.61,#1f77b4,163.74,0.8,16.11
TheHub-BackCorner,16239.69,-8.69,#1f77b4,141.05,0.8,16.11
TheHub-BackCorner,16813.31,-9.67,#1f77b4,163.16,0.8,16.11
TheHub-BackCorner,17407.18,-9.02,#1f77b4,176.87,0.8,16.11
TheHub-BackCorner,18022.04,-10.22,#1f77b4,144.73,0.8,16.11
TheHub-BackCorner,18658.61,-9.82,#1f77b4,144.78,0.8,16.11
TheHub-BackCorner,19317.66,-7.85,#1f77b4,173.99,0.8,16.11
TheHub-BackCorner,20000.0,-7.52,#1f77b4,146.81,0.8,16.11
TheHub-Chair1,20.0,-79.79,#2ca02c,-21.6,0.84,11.09
TheHub-Chair1,20.71,-79.54,#2ca02c,-21.03,0.84,11.09
TheHub-Chair1,21.44,-79.84,#2ca02c,-20.41,0.84,11.09
TheHub-Chair1,22.2,-80.0,#2ca02c,-19.74,0.84,11.09
TheHub-Chair1,22.98,-79.71,#2ca02c,-19.01,0.84,11.09
TheHub-Chair1,23.79,-80.0,#2ca02c,-18.22,0.84,11.09
TheHub-Chair1,24.63,-79.53,#2ca02c,-17.36,0.84,11.09
TheHub-Chair1,25.5,-79.67,#2ca02c,-16.42,0.84,11.09
TheHub-Chair1,26.4,-80.0,#2ca02c,-15.41,0.84,11.09
TheHub-Chair1,27.33,-80.0,#2ca02c,-14.3,0.84,11.09
TheHub-Chair1,28.3,-80.0,#2ca02c,-13.11,0.84,11.09
TheHub-Chair1,29.3,-75.27,#2ca02c,-11.82,0.84,11.09
TheHub-Chair1,30.33,-69.21,#2ca02c,-10.42,0.84,11.09
TheHub-Chair1,31.41,-63.92,#2ca02c,-8.91,0.84,11.09
TheHub-Chair1,32.52,-58.05,#2ca02c,-7.29,0.84,11.09
TheHub-Chair1,33.66,-53.03,#2ca02c,-5.55,0.84,11.09
TheHub-Chair1,34.85,-48.72,#2ca02c,-3.69,0.84,11.09
TheHub-Chair1,36.08,-43.42,#2ca02c,2.49,0.84,11.09
TheHub-Chair1,37.36,-37.87,#2ca02c,5.21,0.84,11.09
TheHub-Chair1,38.68,-33.17,#2ca02c,8.14,0.84,11.09
TheHub-Chair1,40.04,-28.5,#2ca02c,11.28,0.84,11.09
TheHub-Chair1,41.46,-25.66,#2ca02c,14.64,0.84,11.09
TheHub-Chair1,42.92,-21.86,#2ca02c,18.21,0.84,11.09
TheHub-Chair1,44.44,-18.04,#2ca02c,22.0,0.84,11.09
TheHub-Chair1,46.01,-15.83,#2ca02c,25.99,0.84,11.09
TheHub-Chair1,47.63,-12.88,#2ca02c,30.15,0.84,11.09
TheHub-Chair1,49.32,-10.28,#2ca02c,34.47,0.84,11.09
TheHub-Chair1,51.06,-7.54,#2ca02c,38.9,0.84,11.09
TheHub-Chair1,52.86,-6.07,#2ca02c,43.39,0.84,11.09
TheHub-Chair1,54.73,-5.37,#2ca02c,47.89,0.84,11.09
TheHub-Chair1,56.66,-4.35,#2ca02c,52.33,0.84,11.09
TheHub-Chair1,58.66,-3.47,#2ca02c,56.61,0.84,11.09
TheHub-Chair1,60.74,-4.57,#2ca02c,60.64,0.84,11.09
TheHub-Chair1,62.88,-4.53,#2ca02c,64.31,0.84,11.09
TheHub-Chair1,65.1,-5.24,#2ca02c,67.5,0.84,11.09
TheHub-Chair1,67.4,-5.99,#2ca02c,70.07,0.84,11.09
TheHub-Chair1,69.78,-5.74,#2ca02c,71.9,0.84,11.09
TheHub-Chair1,72.25,-7.49,#2ca02c,72.85,0.84,11.09
TheHub-Chair1,74.8,-8.39,#2ca02c,72.8,0.84,11.09
TheHub-Chair1,77.44,-8.94,#2ca02c,71.63,0.84,11.09
TheHub-Chair1,80.18,-9.65,#2ca02c,69.27,0.84,11.09
TheHub-Chair1,83.01,-10.36,#2ca02c,65.66,0.84,11.09
TheHub-Chair1,85.94,-10.06,#2ca02c,60.8,0.84,11.09
TheHub-Chair1,88.98,-10.18,#2ca02c,54.75,0.84,11.09
TheHub-Chair1,92.12,-9.56,#2ca02c,47.61,0.84,11.09
TheHub-Chair1,95.37,-8.71,#2ca02c,43.46,0.84,11.09
TheHub-Chair1,98.74,-8.13,#2ca02c,36.45,0.84,11.09
TheHub-Chair1,102.23,-6.55,#2ca02c,73.84,0.84,11.09
TheHub-Chair1,105.84,-5.08,#2ca02c,66.5,0.84,11.09
TheHub-Chair1,109.58,-6.01,#2ca02c,60.41,0.84,11.09
TheHub-Chair1,113.45,-4.93,#2ca02c,52.81,0.84,11.09
TheHub-Chair1,117.46,-4.84,#2ca02c,51.53,0.84,11.09
TheHub-Chair1,121.6,-1.92,#2ca02c,51.81,0.84,11.09
TheHub-Chair1,125.9,-2.29,#2ca02c,53.49,0.84,11.09
TheHub-Chair1,130.35,-1.95,#2ca02c,56.02,0.84,11.09
TheHub-Chair1,134.95,-1.73,#2ca02c,58.53,0.84,11.09
TheHub-Chair1,139.72,-0.15,#2ca02c,57.81,0.84,11.09
TheHub-Chair1,144.65,-0.41,#2ca02c,58.12,0.84,11.09
TheHub-Chair1,149.76,0.6,#2ca02c,55.11,0.84,11.09
TheHub-Chair1,155.05,-0.15,#2ca02c,48.69,0.84,11.09
TheHub-Chair1,160.53,0.59,#2ca02c,39.41,0.84,11.09
TheHub-Chair1,166.2,0.1,#2ca02c,28.37,0.84,11.09
TheHub-Chair1,172.07,-0.87,#2ca02c,16.95,0.84,11.09
TheHub-Chair1,178.15,-0.98,#2ca02c,6.48,0.84,11.09
TheHub-Chair1,184.44,-1.2,#2ca02c,3.81,0.84,11.09
TheHub-Chair1,190.95,-1.01,#2ca02c,2.32,0.84,11.09
TheHub-Chair1,197.7,-1.47,#2ca02c,2.73,0.84,11.09
TheHub-Chair1,204.68,-2.78,#2ca02c,11.68,0.84,11.09
TheHub-Chair1,211.91,-2.9,#2ca02c,22.29,0.84,11.09
TheHub-Chair1,219.4,-4.45,#2ca02c,31.83,0.84,11.09
TheHub-Chair1,227.15,-4.84,#2ca02c,36.62,0.84,11.09
TheHub-Chair1,235.17,-6.36,#2ca02c,33.66,0.84,11.09
TheHub-Chair1,243.48,-6.65,#2ca02c,22.69,0.84,11.09
TheHub-Chair1,252.08,-5.88,#2ca02c,6.77,0.84,11.09
TheHub-Chair1,260.98,-6.8,#2ca02c,-9.3,0.84,11.09
TheHub-Chair1,270.2,-5.87,#2ca02c,-21.83,0.84,11.09
TheHub-Chair1,279.74,-7.15,#2ca02c,-29.82,0.84,11.09
TheHub-Chair1,289.62,-5.53,#2ca02c,-35.55,0.84,11.09
TheHub-Chair1,299.85,-4.63,#2ca02c,-27.47,0.84,11.09
TheHub-Chair1,310.45,-4.56,#2ca02c,-16.7,0.84,11.09
TheHub-Chair1,321.41,-4.03,#2ca02c,-0.55,0.84,11.09
TheHub-Chair1,332.76,-3.98,#2ca02c,13.18,0.84,11.09
TheHub-Chair1,344.52,-2.58,#2ca02c,13.18,0.84,11.09
TheHub-Chair1,356.69,-2.58,#2ca02c,-3.52,0.84,11.09
TheHub-Chair1,369.28,-2.75,#2ca02c,-26.52,0.84,11.09
TheHub-Chair1,382.33,-2.5,#2ca02c,-43.6,0.84,11.09
TheHub-Chair1,395.83,-2.42,#2ca02c,-53.96,0.84,11.09
TheHub-Chair1,409.81,-2.74,#2ca02c,-56.16,0.84,11.09
TheHub-Chair1,424.29,-1.8,#2ca02c,-58.38,0.84,11.09
TheHub-Chair1,439.28,-1.93,#2ca02c,-60.63,0.84,11.09
TheHub-Chair1,454.79,-1.94,#2ca02c,-62.89,0.84,11.09
TheHub-Chair1,470.86,-2.23,#2ca02c,-65.17,0.84,11.09
TheHub-Chair1,487.49,-1.05,#2ca02c,-67.47,0.84,11.09
TheHub-Chair1,504.71,-1.02,#2ca02c,-69.77,0.84,11.09
TheHub-Chair1,522.54,-0.99,#2ca02c,-72.08,0.84,11.09
TheHub-Chair1,540.99,-0.58,#2ca02c,-63.31,0.84,11.09
TheHub-Chair1,560.1,-0.46,#2ca02c,-38.01,0.84,11.09
TheHub-Chair1,579.88,0.31,#2ca02c,-18.91,0.84,11.09
TheHub-Chair1,600.37,0.78,#2ca02c,-43.29,0.84,11.09
TheHub-Chair1,621.57,1.48,#2ca02c,-74.51,0.84,11.09
TheHub-Chair1,643.53,1.79,#2ca02c,-85.42,0.84,11.09
TheHub-Chair1,666.26,1.9,#2ca02c,-87.46,0.84,11.09
TheHub-Chair1,689.79,2.36,#2ca02c,-89.4,0.84,11.09
TheHub-Chair1,714.16,3.23,#2ca02c,-91.24,0.84,11.09
TheHub-Chair1,739.38,3.55,#2ca02c,-92.94,0.84,11.09
TheHub-Chair1,765.5,3.47,#2ca02c,-94.51,0.84,11.09
TheHub-Chair1,792.54,4.32,#2ca02c,-95.91,0.84,11.09
TheHub-Chair1,820.53,2.83,#2ca02c,-97.12,0.84,11.09
TheHub-Chair1,849.51,1.82,#2ca02c,-98.13,0.84,11.09
TheHub-Chair1,879.52,2.92,#2ca02c,-89.22,0.84,11.09
TheHub-Chair1,910.59,1.55,#2ca02c,-45.12,0.84,11.09
TheHub-Chair1,942.75,0.47,#2ca02c,-66.06,0.84,11.09
TheHub-Chair1,976.05,-0.29,#2ca02c,-99.9,0.84,11.09
TheHub-Chair1,1010.53,0.8,#2ca02c,-99.73,0.84,11.09
TheHub-Chair1,1046.22,-0.86,#2ca02c,-99.32,0.84,11.09
TheHub-Chair1,1083.17,0.03,#2ca02c,-98.68,0.84,11.09
TheHub-Chair1,1121.43,-0.76,#2ca02c,-97.85,0.84,11.09
TheHub-Chair1,1161.05,0.74,#2ca02c,-96.86,0.84,11.09
TheHub-Chair1,1202.06,-0.18,#2ca02c,-95.76,0.84,11.09
TheHub-Chair1,1244.51,-0.44,#2ca02c,-94.61,0.84,11.09
TheHub-Chair1,1288.47,-0.44,#2ca02c,-93.5,0.84,11.09
TheHub-Chair1,1333.98,0.63,#2ca02c,-92.5,0.84,11.09
TheHub-Chair1,1381.1,1.06,#2ca02c,-91.74,0.84,11.09
TheHub-Chair1,1429.89,0.73,#2ca02c,-53.02,0.84,11.09
TheHub-Chair1,1480.39,-0.56,#2ca02c,-69.8,0.84,11.09
TheHub-Chair1,1532.68,1.05,#2ca02c,-91.86,0.84,11.09
TheHub-Chair1,1586.82,-0.37,#2ca02c,-93.08,0.84,11.09
TheHub-Chair1,1642.87,0.1,#2ca02c,-95.02,0.84,11.09
TheHub-Chair1,1700.9,-0.26,#2ca02c,-97.75,0.84,11.09
TheHub-Chair1,1760.98,0.58,#2ca02c,-101.25,0.84,11.09
TheHub-Chair1,1823.18,0.1,#2ca02c,-105.49,0.84,11.09
TheHub-Chair1,1887.58,-0.19,#2ca02c,-110.35,0.84,11.09
TheHub-Chair1,1954.25,0.79,#2ca02c,-115.63,0.84,11.09
TheHub-Chair1,2023.28,1.02,#2ca02c,-121.1,0.84,11.09
TheHub-Chair1,2094.74,1.42,#2ca02c,-126.42,0.84,11.09
TheHub-Chair1,2168.73,1.79,#2ca02c,-131.24,0.84,11.09
TheHub-Chair1,2245.34,3.33,#2ca02c,-135.16,0.84,11.09
TheHub-Chair1,2324.64,2.8,#2ca02c,-107.3,0.84,11.09
TheHub-Chair1,2406.76,3.06,#2ca02c,-139.02,0.84,11.09
TheHub-Chair1,2491.77,3.58,#2ca02c,-138.53,0.84,11.09
TheHub-Chair1,2579.78,4.92,#2ca02c,-136.43,0.84,11.09
TheHub-Chair1,2670.9,4.29,#2ca02c,-133.0,0.84,11.09
TheHub-Chair1,2765.24,4.23,#2ca02c,-128.78,0.84,11.09
TheHub-Chair1,2862.92,3.7,#2ca02c,-124.51,0.84,11.09
TheHub-Chair1,2964.04,2.78,#2ca02c,-121.1,0.84,11.09
TheHub-Chair1,3068.74,1.23,#2ca02c,-119.46,0.84,11.09
TheHub-Chair1,3177.13,2.51,#2ca02c,-120.33,0.84,11.09
TheHub-Chair1,3289.35,0.58,#2ca02c,-124.08,0.84,11.09
TheHub-Chair1,3405.54,-0.66,#2ca02c,-130.51,0.84,11.09
TheHub-Chair1,3525.83,0.81,#2ca02c,-138.75,0.84,11.09
TheHub-Chair1,3650.37,1.05,#2ca02c,-147.33,0.84,11.09
TheHub-Chair1,3779.3,0.8,#2ca02c,-154.42,0.84,11.09
TheHub-Chair1,3912.8,1.85,#2ca02c,-158.3,0.84,11.09
TheHub-Chair1,4051.0,1.6,#2ca02c,-157.87,0.84,11.09
TheHub-Chair1,4194.09,1.34,#2ca02c,-153.26,0.84,11.09
TheHub-Chair1,4342.24,2.19,#2ca02c,-146.04,0.84,11.09
TheHub-Chair1,4495.61,2.07,#2ca02c,-139.05,0.84,11.09
TheHub-Chair1,4654.4,2.43,#2ca02c,-135.51,0.84,11.09
TheHub-Chair1,4818.81,3.27,#2ca02c,-137.8,0.84,11.09
TheHub-Chair1,4989.02,3.23,#2ca02c,-146.1,0.84,11.09
TheHub-Chair1,5165.24,1.88,#2ca02c,-157.75,0.84,11.09
TheHub-Chair1,5347.68,3.87,#2ca02c,-167.91,0.84,11.09
TheHub-Chair1,5536.57,2.49,#2ca02c,-171.71,0.84,11.09
TheHub-Chair1,5732.14,2.78,#2ca02c,-167.13,0.84,11.09
TheHub-Chair1,5934.6,2.36,#2ca02c,-156.97,0.84,11.09
TheHub-Chair1,6144.23,2.39,#2ca02c,-148.22,0.84,11.09
TheHub-Chair1,6361.25,2.5,#2ca02c,-148.04,0.84,11.09
TheHub-Chair1,6585.94,3.16,#2ca02c,-158.39,0.84,11.09
TheHub-Chair1,6818.57,2.3,#2ca02c,-173.14,0.84,11.09
TheHub-Chair1,7059.41,2.89,#2ca02c,178.62,0.84,11.09
TheHub-Chair1,7308.77,3.48,#2ca02c,-176.34,0.84,11.09
TheHub-Chair1,7566.93,3.89,#2ca02c,-162.95,0.84,11.09
TheHub-Chair1,7834.2,3.19,#2ca02c,-155.51,0.84,11.09
TheHub-Chair1,8110.92,4.33,#2ca02c,-164.07,0.84,11.09
TheHub-Chair1,8397.41,3.99,#2ca02c,178.32,0.84,11.09
TheHub-Chair1,8694.03,4.5,#2ca02c,170.83,0.84,11.09
TheHub-Chair1,9001.12,4.0,#2ca02c,-177.74,0.84,11.09
TheHub-Chair1,9319.05,3.78,#2ca02c,-163.56,0.84,11.09
TheHub-Chair1,9648.22,2.72,#2ca02c,-169.2,0.84,11.09
TheHub-Chair1,9989.01,2.4,#2ca02c,170.54,0.84,11.09
TheHub-Chair1,10341.84,2.52,#2ca02c,165.72,0.84,11.09
TheHub-Chair1,10707.13,3.0,#2ca02c,-176.59,0.84,11.09
TheHub-Chair1,11085.33,3.91,#2ca02c,-169.98,0.84,11.09
TheHub-Chair1,11476.88,4.05,#2ca02c,169.41,0.84,11.09
TheHub-Chair1,11882.27,5.16,#2ca02c,159.47,0.84,11.09
TheHub-Chair1,12301.97,4.85,#2ca02c,179.27,0.84,11.09
TheHub-Chair1,12736.5,5.52,#2ca02c,-177.8,0.84,11.09
TheHub-Chair1,13186.38,5.76,#2ca02c,157.35,0.84,11.09
TheHub-Chair1,13652.14,6.09,#2ca02c,162.42,0.84,11.09
TheHub-Chair1,14134.36,6.45,#2ca02c,-178.53,0.84,11.09
TheHub-Chair1,14633.61,7.84,#2ca02c,159.07,0.84,11.09
TheHub-Chair1,15150.5,7.39,#2ca02c,154.58,0.84,11.09
TheHub-Chair1,15685.64,6.27,#2ca02c,177.35,0.84,11.09
TheHub-Chair1,16239.69,6.63,#2ca02c,153.13,0.84,11.09
TheHub-Chair1,16813.31,6.43,#2ca02c,155.39,0.84,11.09
TheHub-Chair1,17407.18,6.06,#2ca02c,171.4,0.84,11.09
TheHub-Chair1,18022.04,6.13,#2ca02c,142.19,0.84,11.09
TheHub-Chair1,18658.61,5.96,#2ca02c,166.45,0.84,11.09
TheHub-Chair1,19317.66,7.41,#2ca02c,149.81,0.84,11.09
TheHub-Chair1,20000.0,6.43,#2ca02c,151.25,0.84,11.09
TheHub-CeilingCorner,20.0,-45.33,#ff7f0e,-35.35,0.65,31.65
TheHub-CeilingCorner,20.71,-43.74,#ff7f0e,-34.74,0.65,31.65
TheHub-CeilingCorner,21.44,-41.12,#ff7f0e,-34.07,0.65,31.65
TheHub-CeilingCorner,22.2,-40.6,#ff7f0e,-33.35,0.65,31.65
TheHub-CeilingCorner,22.98,-37.84,#ff7f0e,-32.57,0.65,31.65
TheHub-CeilingCorner,23.79,-36.56,#ff7f0e,-31.73,0.65,31.65
TheHub-CeilingCorner,24.63,-35.05,#ff7f0e,-30.81,0.65,31.65
TheHub-CeilingCorner,25.5,-33.27,#ff7f0e,-29.82,0.65,31.65
TheHub-CeilingCorner,26.4,-31.96,#ff7f0e,-28.74,0.65,31.65
TheHub-CeilingCorner,27.33,-30.34,#ff7f0e,-27.58,0.65,31.65
TheHub-CeilingCorner,28.3,-29.2,#ff7f0e,-26.32,0.65,31.65
TheHub-CeilingCorner,29.3,-26.6,#ff7f0e,-24.96,0.65,31.65
TheHub-CeilingCorner,30.33,-25.32,#ff7f0e,-23.49,0.65,31.65
TheHub-CeilingCorner,31.41,-24.0,#ff7f0e,-21.91,0.65,31.65
TheHub-CeilingCorner,32.52,-21.93,#ff7f0e,-20.21,0.65,31.65
TheHub-CeilingCorner,33.66,-20.94,#ff7f0e,-18.4,0.65,31.65
TheHub-CeilingCorner,34.85,-18.97,#ff7f0e,-16.46,0.65,31.65
TheHub-CeilingCorner,36.08,-18.7,#ff7f0e,-10.19,0.65,31.65
TheHub-CeilingCorner,37.36,-16.62,#ff7f0e,-7.39,0.65,31.65
TheHub-CeilingCorner,38.68,-15.72,#ff7f0e,-4.37,0.65,31.65
TheHub-CeilingCorner,40.04,-14.15,#ff7f0e,-1.13,0.65,31.65
TheHub-CeilingCorner,41.46,-13.41,#ff7f0e,2.32,0.65,31.65
TheHub-CeilingCorner,42.92,-11.8,#ff7f0e,6.0,0.65,31.65
TheHub-CeilingCorner,44.44,-11.53,#ff7f0e,9.9,0.65,31.65
TheHub-CeilingCorner,46.01,-10.19,#ff7f0e,13.99,0.65,31.65
TheHub-CeilingCorner,47.63,-10.08,#ff7f0e,18.27,0.65,31.65
TheHub-CeilingCorner,49.32,-8.61,#ff7f0e,22.71,0.65,31.65
TheHub-CeilingCorner,51.06,-6.68,#ff7f0e,27.26,0.65,31.65
TheHub-CeilingCorner,52.86,-7.42,#ff7f0e,31.88,0.65,31.65
TheHub-CeilingCorner,54.73,-7.43,#ff7f0e,36.52,0.65,31.65
TheHub-CeilingCorner,56.66,-7.16,#ff7f0e,41.1,0.65,31.65
TheHub-CeilingCorner,58.66,-6.07,#ff7f0e,45.53,0.65,31.65
TheHub-CeilingCorner,60.74,-6.54,#ff7f0e,49.71,0.65,31.65
TheHub-CeilingCorner,62.88,-6.99,#ff7f0e,53.54,0.65,31.65
TheHub-CeilingCorner,65.1,-5.63,#ff7f0e,56.89,0.65,31.65
TheHub-CeilingCorner,67.4,-7.68,#ff7f0e,59.63,0.65,31.65
TheHub-CeilingCorner,69.78,-7.68,#ff7f0e,61.64,0.65,31.65
TheHub-CeilingCorner,72.25,-8.45,#ff7f0e,62.77,0.65,31.65
TheHub-CeilingCorner,74.8,-8.33,#ff7f0e,62.91,0.65,31.65
TheHub-CeilingCorner,77.44,-8.73,#ff7f0e,61.95,0.65,31.65
TheHub-CeilingCorner,80.18,-9.4,#ff7f0e,59.8,0.65,31.65
TheHub-CeilingCorner,83.01,-9.44,#ff7f0e,56.41,0.65,31.65
TheHub-CeilingCorner,85.94,-10.51,#ff7f0e,51.78,0.65,31.65
TheHub-CeilingCorner,88.98,-10.95,#ff7f0e,45.96,0.65,31.65
TheHub-CeilingCorner,92.12,-11.92,#ff7f0e,39.07,0.65,31.65
TheHub-CeilingCorner,95.37,-11.3,#ff7f0e,35.18,0.65,31.65
TheHub-CeilingCorner,98.74,-10.7,#ff7f0e,28.44,0.65,31.65
TheHub-CeilingCorner,102.23,-12.98,#ff7f0e,66.12,0.65,31.65
TheHub-CeilingCorner,105.84,-13.16,#ff7f0e,59.07,0.65,31.65
TheHub-CeilingCorner,109.58,-12.96,#ff7f0e,53.28,0.65,31.65
TheHub-CeilingCorner,113.45,-11.68,#ff7f0e,46.01,0.65,31.65
TheHub-CeilingCorner,117.46,-11.94,#ff7f0e,45.05,0.65,31.65
TheHub-CeilingCorner,121.6,-12.28,#ff7f0e,45.69,0.65,31.65
TheHub-CeilingCorner,125.9,-12.42,#ff7f0e,47.73,0.65,31.65
TheHub-CeilingCorner,130.35,-12.2,#ff7f0e,50.64,0.65,31.65
TheHub-CeilingCorner,134.95,-11.18,#ff7f0e,53.54,0.65,31.65
TheHub-CeilingCorner,139.72,-11.5,#ff7f0e,53.24,0.65,31.65
TheHub-CeilingCorner,144.65,-11.35,#ff7f0e,53.97,0.65,31.65
TheHub-CeilingCorner,149.76,-11.89,#ff7f0e,51.41,0.65,31.65
TheHub-CeilingCorner,155.05,-12.48,#ff7f0e,45.46,0.65,31.65
TheHub-CeilingCorner,160.53,-11.69,#ff7f0e,36.66,0.65,31.65
TheHub-CeilingCorner,166.2,-12.17,#ff7f0e,26.12,0.65,31.65
TheHub-CeilingCorner,172.07,-11.06,#ff7f0e,15.24,0.65,31.65
TheHub-CeilingCorner,178.15,-10.69,#ff7f0e,5.32,0.65,31.65
TheHub-CeilingCorner,184.44,-10.05,#ff7f0e,3.22,0.65,31.65
TheHub-CeilingCorner,190.95,-9.73,#ff7f0e,2.33,0.65,31.65
TheHub-CeilingCorner,197.7,-10.04,#ff7f0e,3.36,0.65,31.65
TheHub-CeilingCorner,204.68,-9.72,#ff7f0e,12.96,0.65,31.65
TheHub-CeilingCorner,211.91,-9.65,#ff7f0e,24.23,0.65,31.65
TheHub-CeilingCorner,219.4,-8.82,#ff7f0e,34.48,0.65,31.65
TheHub-CeilingCorner,227.15,-9.28,#ff7f0e,39.99,0.65,31.65
TheHub-CeilingCorner,235.17,-10.23,#ff7f0e,37.79,0.65,31.65
TheHub-CeilingCorner,243.48,-10.25,#ff7f0e,27.6,0.65,31.65
TheHub-CeilingCorner,252.08,-10.07,#ff7f0e,12.5,0.65,31.65
TheHub-CeilingCorner,260.98,-11.09,#ff7f0e,-2.73,0.65,31.65
TheHub-CeilingCorner,270.2,-11.56,#ff7f0e,-14.39,0.65,31.65
TheHub-CeilingCorner,279.74,-11.06,#ff7f0e,-21.49,0.65,31.65
TheHub-CeilingCorner,289.62,-12.46,#ff7f0e,-26.29,0.65,31.65
TheHub-CeilingCorner,299.85,-12.11,#ff7f0e,-17.25,0.65,31.65
TheHub-CeilingCorner,310.45,-11.5,#ff7f0e,-5.5,0.65,31.65
TheHub-CeilingCorner,321.41,-12.46,#ff7f0e,11.67,0.65,31.65
TheHub-CeilingCorner,332.76,-13.4,#ff7f0e,26.43,0.65,31.65
TheHub-CeilingCorner,344.52,-12.97,#ff7f0e,27.49,0.65,31.65
TheHub-CeilingCorner,356.69,-13.63,#ff7f0e,11.87,0.65,31.65
TheHub-CeilingCorner,369.28,-13.28,#ff7f0e,-10.03,0.65,31.65
TheHub-CeilingCorner,382.33,-13.6,#ff7f0e,-25.99,0.65,31.65
TheHub-CeilingCorner,395.83,-12.51,#ff7f0e,-35.23,0.65,31.65
TheHub-CeilingCorner,409.81,-12.55,#ff7f0e,-36.29,0.65,31.65
TheHub-CeilingCorner,424.29,-10.15,#ff7f0e,-37.37,0.65,31.65
TheHub-CeilingCorner,439.28,-11.92,#ff7f0e,-38.48,0.65,31.65
TheHub-CeilingCorner,454.79,-10.54,#ff7f0e,-39.63,0.65,31.65
TheHub-CeilingCorner,470.86,-10.99,#ff7f0e,-40.81,0.65,31.65
TheHub-CeilingCorner,487.49,-10.18,#ff7f0e,-42.03,0.65,31.65
TheHub-CeilingCorner,504.71,-11.46,#ff7f0e,-43.31,0.65,31.65
TheHub-CeilingCorner,522.54,-8.97,#ff7f0e,-44.63,0.65,31.65
TheHub-CeilingCorner,540.99,-10.01,#ff7f0e,-34.95,0.65,31.65
TheHub-CeilingCorner,560.1,-10.91,#ff7f0e,-8.82,0.65,31.65
TheHub-CeilingCorner,579.88,-11.17,#ff7f0e,11.01,0.65,31.65
TheHub-CeilingCorner,600.37,-13.38,#ff7f0e,-12.74,0.65,31.65
TheHub-CeilingCorner,621.57,-13.46,#ff7f0e,-43.48,0.65,31.65
TheHub-CeilingCorner,643.53,-12.93,#ff7f0e,-54.05,0.65,31.65
TheHub-CeilingCorner,666.26,-14.49,#ff7f0e,-55.93,0.65,31.65
TheHub-CeilingCorner,689.79,-14.2,#ff7f0e,-57.92,0.65,31.65
TheHub-CeilingCorner,714.16,-13.62,#ff7f0e,-60.02,0.65,31.65
TheHub-CeilingCorner,739.38,-14.59,#ff7f0e,-62.24,0.65,31.65
TheHub-CeilingCorner,765.5,-14.26,#ff7f0e,-64.59,0.65,31.65
TheHub-CeilingCorner,792.54,-14.23,#ff7f0e,-67.08,0.65,31.65
TheHub-CeilingCorner,820.53,-12.94,#ff7f0e,-69.69,0.65,31.65
TheHub-CeilingCorner,849.51,-12.96,#ff7f0e,-72.45,0.65,31.65
TheHub-CeilingCorner,879.52,-11.55,#ff7f0e,-65.63,0.65,31.65
TheHub-CeilingCorner,910.59,-11.48,#ff7f0e,-24.0,0.65,31.65
TheHub-CeilingCorner,942.75,-11.06,#ff7f0e,-47.77,0.65,31.65
TheHub-CeilingCorner,976.05,-10.58,#ff7f0e,-84.82,0.65,31.65
TheHub-CeilingCorner,1010.53,-10.86,#ff7f0e,-88.21,0.65,31.65
TheHub-CeilingCorner,1046.22,-10.66,#ff7f0e,-91.71,0.65,31.65
TheHub-CeilingCorner,1083.17,-10.76,#ff7f0e,-95.28,0.65,31.65
TheHub-CeilingCorner,1121.43,-11.19,#ff7f0e,-98.9,0.65,31.65
TheHub-CeilingCorner,1161.05,-9.75,#ff7f0e,-102.54,0.65,31.65
TheHub-CeilingCorner,1202.06,-10.31,#ff7f0e,-106.15,0.65,31.65
TheHub-CeilingCorner,1244.51,-10.72,#ff7f0e,-109.71,0.65,31.65
TheHub-CeilingCorner,1288.47,-11.29,#ff7f0e,-113.15,0.65,31.65
TheHub-CeilingCorner,1333.98,-12.16,#ff7f0e,-116.43,0.65,31.65
TheHub-CeilingCorner,1381.1,-10.83,#ff7f0e,-119.47,0.65,31.65
TheHub-CeilingCorner,1429.89,-12.08,#ff7f0e,-83.94,0.65,31.65
TheHub-CeilingCorner,1480.39,-12.67,#ff7f0e,-103.1,0.65,31.65
TheHub-CeilingCorner,1532.68,-12.31,#ff7f0e,-126.56,0.65,31.65
TheHub-CeilingCorner,1586.82,-12.0,#ff7f0e,-128.02,0.65,31.65
TheHub-CeilingCorner,1642.87,-11.44,#ff7f0e,-128.94,0.65,31.65
TheHub-CeilingCorner,1700.9,-11.81,#ff7f0e,-129.26,0.65,31.65
TheHub-CeilingCorner,1760.98,-11.21,#ff7f0e,-128.95,0.65,31.65
TheHub-CeilingCorner,1823.18,-11.1,#ff7f0e,-128.01,0.65,31.65
TheHub-CeilingCorner,1887.58,-11.09,#ff7f0e,-126.46,0.65,31.65
TheHub-CeilingCorner,1954.25,-11.51,#ff7f0e,-124.35,0.65,31.65
TheHub-CeilingCorner,2023.28,-11.28,#ff7f0e,-121.78,0.65,31.65
TheHub-CeilingCorner,2094.74,-12.18,#ff7f0e,-118.88,0.65,31.65
TheHub-CeilingCorner,2168.73,-11.57,#ff7f0e,-115.84,0.65,31.65
TheHub-CeilingCorner,2245.34,-12.23,#ff7f0e,-112.87,0.65,31.65
TheHub-CeilingCorner,2324.64,-11.27,#ff7f0e,-79.68,0.65,31.65
TheHub-CeilingCorner,2406.76,-12.15,#ff7f0e,-108.21,0.65,31.65
TheHub-CeilingCorner,2491.77,-11.63,#ff7f0e,-107.1,0.65,31.65
TheHub-CeilingCorner,2579.78,-11.91,#ff7f0e,-107.17,0.65,31.65
TheHub-CeilingCorner,2670.9,-12.01,#ff7f0e,-108.65,0.65,31.65
TheHub-CeilingCorner,2765.24,-12.99,#ff7f0e,-111.68,0.65,31.65
TheHub-CeilingCorner,2862.92,-12.08,#ff7f0e,-116.27,0.65,31.65
TheHub-CeilingCorner,2964.04,-11.17,#ff7f0e,-122.31,0.65,31.65
TheHub-CeilingCorner,3068.74,-10.83,#ff7f0e,-129.49,0.65,31.65
TheHub-CeilingCorner,3177.13,-10.46,#ff7f0e,-137.31,0.65,31.65
TheHub-CeilingCorner,3289.35,-9.69,#ff7f0e,-145.12,0.65,31.65
TheHub-CeilingCorner,3405.54,-10.94,#ff7f0e,-152.13,0.65,31.65
TheHub-CeilingCorner,3525.83,-10.04,#ff7f0e,-157.53,0.65,31.65
TheHub-CeilingCorner,3650.37,-9.68,#ff7f0e,-160.59,0.65,31.65
TheHub-CeilingCorner,3779.3,-9.4,#ff7f0e,-160.81,0.65,31.65
TheHub-CeilingCorner,3912.8,-9.41,#ff7f0e,-158.06,0.65,31.65
TheHub-CeilingCorner,4051.0,-9.39,#ff7f0e,-152.71,0.65,31.65
TheHub-CeilingCorner,4194.09,-8.27,#ff7f0e,-145.72,0.65,31.65
TheHub-CeilingCorner,4342.24,-9.15,#ff7f0e,-138.51,0.65,31.65
TheHub-CeilingCorner,4495.61,-8.25,#ff7f0e,-132.83,0.65,31.65
TheHub-CeilingCorner,4654.4,-8.94,#ff7f0e,-130.41,0.65,31.65
TheHub-CeilingCorner,4818.81,-9.17,#ff7f0e,-132.48,0.65,31.65
TheHub-CeilingCorner,4989.02,-8.89,#ff7f0e,-139.32,0.65,31.65
TheHub-CeilingCorner,5165.24,-9.49,#ff7f0e,-149.96,0.65,31.65
TheHub-CeilingCorner,5347.68,-10.25,#ff7f0e,-162.11,0.65,31.65
TheHub-CeilingCorner,5536.57,-10.95,#ff7f0e,-172.58,0.65,31.65
TheHub-CeilingCorner,5732.14,-10.43,#ff7f0e,-178.18,0.65,31.65
TheHub-CeilingCorner,5934.6,-10.39,#ff7f0e,-176.91,0.65,31.65
TheHub-CeilingCorner,6144.23,-11.53,#ff7f0e,-169.06,0.65,31.65
TheHub-CeilingCorner,6361.25,-10.66,#ff7f0e,-157.68,0.65,31.65
TheHub-CeilingCorner,6585.94,-11.5,#ff7f0e,-147.91,0.65,31.65
TheHub-CeilingCorner,6818.57,-11.26,#ff7f0e,-145.04,0.65,31.65
TheHub-CeilingCorner,7059.41,-10.03,#ff7f0e,-151.86,0.65,31.65
TheHub-CeilingCorner,7308.77,-10.25,#ff7f0e,-166.45,0.65,31.65
TheHub-CeilingCorner,7566.93,-9.68,#ff7f0e,177.87,0.65,31.65
TheHub-CeilingCorner,7834.2,-9.58,#ff7f0e,169.58,0.65,31.65
TheHub-CeilingCorner,8110.92,-9.59,#ff7f0e,173.84,0.65,31.65
TheHub-CeilingCorner,8397.41,-9.0,#ff7f0e,-171.98,0.65,31.65
TheHub-CeilingCorner,8694.03,-8.86,#ff7f0e,-158.27,0.65,31.65
TheHub-CeilingCorner,9001.12,-9.39,#ff7f0e,-156.78,0.65,31.65
TheHub-CeilingCorner,9319.05,-9.22,#ff7f0e,-171.01,0.65,31.65
TheHub-CeilingCorner,9648.22,-9.97,#ff7f0e,168.98,0.65,31.65
TheHub-CeilingCorner,9989.01,-9.78,#ff7f0e,160.19,0.65,31.65
TheHub-CeilingCorner,10341.84,-10.09,#ff7f0e,171.07,0.65,31.65
TheHub-CeilingCorner,10707.13,-9.73,#ff7f0e,-169.7,0.65,31.65
TheHub-CeilingCorner,11085.33,-10.01,#ff7f0e,-164.75,0.65,31.65
TheHub-CeilingCorner,11476.88,-10.49,#ff7f0e,177.15,0.65,31.65
TheHub-CeilingCorner,11882.27,-9.97,#ff7f0e,155.53,0.65,31.65
TheHub-CeilingCorner,12301.97,-11.54,#ff7f0e,157.65,0.65,31.65
TheHub-CeilingCorner,12736.5,-10.74,#ff7f0e,-179.68,0.65,31.65
TheHub-CeilingCorner,13186.38,-9.81,#ff7f0e,-171.64,0.65,31.65
TheHub-CeilingCorner,13652.14,-10.06,#ff7f0e,165.52,0.65,31.65
TheHub-CeilingCorner,14134.36,-9.15,#ff7f0e,146.48,0.65,31.65
TheHub-CeilingCorner,14633.61,-9.03,#ff7f0e,163.49,0.65,31.65
TheHub-CeilingCorner,15150.5,-8.48,#ff7f0e,-176.34,0.65,31.65
TheHub-CeilingCorner,15685.64,-8.26,#ff7f0e,163.74,0.65,31.65
TheHub-CeilingCorner,16239.69,-7.31,#ff7f0e,141.05,0.65,31.65
TheHub-CeilingCorner,16813.31,-7.21,#ff7f0e,163.16,0.65,31.65
TheHub-CeilingCorner,17407.18,-7.36,#ff7f0e,176.87,0.65,31.65
TheHub-CeilingCorner,18022.04,-6.56,#ff7f0e,144.73,0.65,31.65
TheHub-CeilingCorner,18658.61,-7.06,#ff7f0e,144.78,0.65,31.65
TheHub-CeilingCorner,19317.66,-6.81,#ff7f0e,173.99,0.65,31.65
TheHub-CeilingCorner,20000.0,-7.19,#ff7f0e,146.81,0.65,31.65
TheHub-Chair2,20.0,39.75,#d62728,-21.6,0.73,22.81
TheHub-Chair2,20.71,39.91,#d62728,-21.03,0.73,22.81
TheHub-Chair2,21.44,40.0,#d62728,-20.41,0.73,22.81
TheHub-Chair2,22.2,40.0,#d62728,-19.74,0.73,22.81
TheHub-Chair2,22.98,39.98,#d62728,-19.01,0.73,22.81
TheHub-Chair2,23.79,40.0,#d62728,-18.22,0.73,22.81
TheHub-Chair2,24.63,39.83,#d62728,-17.36,0.73,22.81
TheHub-Chair2,25.5,40.0,#d62728,-16.42,0.73,22.81
TheHub-Chair2,26.4,39.79,#d62728,-15.41,0.73,22.81
TheHub-Chair2,27.33,40.0,#d62728,-14.3,0.73,22.81
TheHub-Chair2,28.3,39.19,#d62728,-13.11,0.73,22.81
TheHub-Chair2,29.3,40.0,#d62728,-11.82,0.73,22.81
TheHub-Chair2,30.33,38.81,#d62728,-10.42,0.73,22.81
TheHub-Chair2,31.41,34.12,#d62728,-8.91,0.73,22.81
TheHub-Chair2,32.52,31.88,#d62728,-7.29,0.73,22.81
TheHub-Chair2,33.66,28.81,#d62728,-5.55,0.73,22.81
TheHub-Chair2,34.85,25.99,#d62728,-3.69,0.73,22.81
TheHub-Chair2,36.08,23.65,#d62728,2.49,0.73,22.81
TheHub-Chair2,37.36,20.73,#d62728,5.21,0.73,22.81
TheHub-Chair2,38.68,17.94,#d62728,8.14,0.73,22.81
TheHub-Chair2,40.04,16.24,#d62728,11.28,0.73,22.81
TheHub-Chair2,41.46,12.04,#d62728,14.64,0.73,22.81
TheHub-Chair2,42.92,10.61,#d62728,18.21,0.73,22.81
TheHub-Chair2,44.44,7.58,#d62728,22.0,0.73,22.81
TheHub-Chair2,46.01,5.58,#d62728,25.99,0.73,22.81
TheHub-Chair2,47.63,3.11,#d62728,30.15,0.73,22.81
TheHub-Chair2,49.32,1.69,#d62728,34.47,0.73,22.81
TheHub-Chair2,51.06,-0.62,#d62728,38.9,0.73,22.81
TheHub-Chair2,52.86,-3.19,#d62728,43.39,0.73,22.81
TheHub-Chair2,54.73,-5.0,#d62728,47.89,0.73,22.81
TheHub-Chair2,56.66,-6.82,#d62728,52.33,0.73,22.81
TheHub-Chair2,58.66,-8.58,#d62728,56.61,0.73,22.81
TheHub-Chair2,60.74,-9.43,#d62728,60.64,0.73,22.81
TheHub-Chair2,62.88,-10.03,#d62728,64.31,0.73,22.81
TheHub-Chair2,65.1,-12.31,#d62728,67.5,0.73,22.81
TheHub-Chair2,67.4,-12.33,#d62728,70.07,0.73,22.81
TheHub-Chair2,69.78,-12.66,#d62728,71.9,0.73,22.81
TheHub-Chair2,72.25,-13.02,#d62728,72.85,0.73,22.81
TheHub-Chair2,74.8,-13.79,#d62728,72.8,0.73,22.81
TheHub-Chair2,77.44,-13.89,#d62728,71.63,0.73,22.81
TheHub-Chair2,80.18,-13.45,#d62728,69.27,0.73,22.81
TheHub-Chair2,83.01,-12.48,#d62728,65.66,0.73,22.81
TheHub-Chair2,85.94,-13.62,#d62728,60.8,0.73,22.81
TheHub-Chair2,88.98,-13.11,#d62728,54.75,0.73,22.81
TheHub-Chair2,92.12,-12.44,#d62728,47.61,0.73,22.81
TheHub-Chair2,95.37,-12.0,#d62728,43.46,0.73,22.81
TheHub-Chair2,98.74,-11.42,#d62728,36.45,0.73,22.81
TheHub-Chair2,102.23,-12.13,#d62728,73.84,0.73,22.81
TheHub-Chair2,105.84,-11.76,#d62728,66.5,0.73,22.81
TheHub-Chair2,109.58,-11.78,#d62728,60.41,0.73,22.81
TheHub-Chair2,113.45,-12.25,#d62728,52.81,0.73,22.81
TheHub-Chair2,117.46,-12.07,#d62728,51.53,0.73,22.81
TheHub-Chair2,121.6,-11.53,#d62728,51.81,0.73,22.81
TheHub-Chair2,125.9,-12.11,#d62728,53.49,0.73,22.81
TheHub-Chair2,130.35,-11.26,#d62728,56.02,0.73,22.81
TheHub-Chair2,134.95,-10.68,#d62728,58.53,0.73,22.81
TheHub-Chair2,139.72,-9.63,#d62728,57.81,0.73,22.81
TheHub-Chair2,144.65,-8.96,#d62728,58.12,0.73,22.81
TheHub-Chair2,149.76,-9.08,#d62728,55.11,0.73,22.81
TheHub-Chair2,155.05,-8.2,#d62728,48.69,0.73,22.81
TheHub-Chair2,160.53,-9.05,#d62728,39.41,0.73,22.81
TheHub-Chair2,166.2,-8.96,#d62728,28.37,0.73,22.81
TheHub-Chair2,172.07,-9.26,#d62728,16.95,0.73,22.81
TheHub-Chair2,178.15,-9.67,#d62728,6.48,0.73,22.81
TheHub-Chair2,184.44,-11.05,#d62728,3.81,0.73,22.81
TheHub-Chair2,190.95,-10.67,#d62728,2.32,0.73,22.81
TheHub-Chair2,197.7,-13.12,#d62728,2.73,0.73,22.81
TheHub-Chair2,204.68,-13.89,#d62728,11.68,0.73,22.81
TheHub-Chair2,211.91,-15.2,#d62728,22.29,0.73,22.81
TheHub-Chair2,219.4,-15.16,#d62728,31.83,0.73,22.81
TheHub-Chair2,227.15,-15.76,#d62728,36.62,0.73,22.81
TheHub-Chair2,235.17,-16.02,#d62728,33.66,0.73,22.81
TheHub-Chair2,243.48,-16.53,#d62728,22.69,0.73,22.81
TheHub-Chair2,252.08,-15.17,#d62728,6.77,0.73,22.81
TheHub-Chair2,260.98,-16.28,#d62728,-9.3,0.73,22.81
TheHub-Chair2,270.2,-16.0,#d62728,-21.83,0.73,22.81
TheHub-Chair2,279.74,-16.5,#d62728,-29.82,0.73,22.81
TheHub-Chair2,289.62,-15.64,#d62728,-35.55,0.73,22.81
TheHub-Chair2,299.85,-14.71,#d62728,-27.47,0.73,22.81
TheHub-Chair2,310.45,-14.95,#d62728,-16.7,0.73,22.81
TheHub-Chair2,321.41,-13.72,#d62728,-0.55,0.73,22.81
TheHub-Chair2,332.76,-12.42,#d62728,13.18,0.73,22.81
TheHub-Chair2,344.52,-12.62,#d62728,13.18,0.73,22.81
TheHub-Chair2,356.69,-12.17,#d62728,-3.52,0.73,22.81
TheHub-Chair2,369.28,-11.05,#d62728,-26.52,0.73,22.81
TheHub-Chair2,382.33,-9.26,#d62728,-43.6,0.73,22.81
TheHub-Chair2,395.83,-8.09,#d62728,-53.96,0.73,22.81
TheHub-Chair2,409.81,-8.47,#d62728,-56.16,0.73,22.81
TheHub-Chair2,424.29,-7.87,#d62728,-58.38,0.73,22.81
TheHub-Chair2,439.28,-8.5,#d62728,-60.63,0.73,22.81
TheHub-Chair2,454.79,-9.35,#d62728,-62.89,0.73,22.81
TheHub-Chair2,470.86,-9.25,#d62728,-65.17,0.73,22.81
TheHub-Chair2,487.49,-10.62,#d62728,-67.47,0.73,22.81
TheHub-Chair2,504.71,-12.22,#d62728,-69.77,0.73,22.81
TheHub-Chair2,522.54,-11.6,#d62728,-72.08,0.73,22.81
TheHub-Chair2,540.99,-10.99,#d62728,-63.31,0.73,22.81
TheHub-Chair2,560.1,-11.65,#d62728,-38.01,0.73,22.81
TheHub-Chair2,579.88,-11.58,#d62728,-18.91,0.73,22.81
TheHub-Chair2,600.37,-11.49,#d62728,-43.29,0.73,22.81
TheHub-Chair2,621.57,-10.94,#d62728,-74.51,0.73,22.81
TheHub-Chair2,643.53,-10.7,#d62728,-85.42,0.73,22.81
TheHub-Chair2,666.26,-10.76,#d62728,-87.46,0.73,22.81
TheHub-Chair2,689.79,-10.52,#d62728,-89.4,0.73,22.81
TheHub-Chair2,714.16,-9.53,#d62728,-91.24,0.73,22.81
TheHub-Chair2,739.38,-9.29,#d62728,-92.94,0.73,22.81
TheHub-Chair2,765.5,-10.3,#d62728,-94.51,0.73,22.81
TheHub-Chair2,792.54,-9.49,#d62728,-95.91,0.73,22.81
TheHub-Chair2,820.53,-8.47,#d62728,-97.12,0.73,22.81
TheHub-Chair2,849.51,-8.95,#d62728,-98.13,0.73,22.81
TheHub-Chair2,879.52,-8.49,#d62728,-89.22,0.73,22.81
TheHub-Chair2,910.59,-6.54,#d62728,-45.12,0.73,22.81
TheHub-Chair2,942.75,-7.1,#d62728,-66.06,0.73,22.81
TheHub-Chair2,976.05,-5.8,#d62728,-99.9,0.73,22.81
TheHub-Chair2,1010.53,-5.76,#d62728,-99.73,0.73,22.81
TheHub-Chair2,1046.22,-4.86,#d62728,-99.32,0.73,22.81
TheHub-Chair2,1083.17,-6.24,#d62728,-98.68,0.73,22.81
TheHub-Chair2,1121.43,-7.72,#d62728,-97.85,0.73,22.81
TheHub-Chair2,1161.05,-7.89,#d62728,-96.86,0.73,22.81
TheHub-Chair2,1202.06,-8.4,#d62728,-95.76,0.73,22.81
TheHub-Chair2,1244.51,-9.04,#d62728,-94.61,0.73,22.81
TheHub-Chair2,1288.47,-9.62,#d62728,-93.5,0.73,22.81
TheHub-Chair2,1333.98,-10.22,#d62728,-92.5,0.73,22.81
TheHub-Chair2,1381.1,-10.39,#d62728,-91.74,0.73,22.81
TheHub-Chair2,1429.89,-8.91,#d62728,-53.02,0.73,22.81
TheHub-Chair2,1480.39,-8.62,#d62728,-69.8,0.73,22.81
TheHub-Chair2,1532.68,-8.41,#d62728,-91.86,0.73,22.81
TheHub-Chair2,1586.82,-8.19,#d62728,-93.08,0.73,22.81
TheHub-Chair2,1642.87,-7.75,#d62728,-95.02,0.73,22.81
TheHub-Chair2,1700.9,-8.4,#d62728,-97.75,0.73,22.81
TheHub-Chair2,1760.98,-7.99,#d62728,-101.25,0.73,22.81
TheHub-Chair2,1823.18,-9.39,#d62728,-105.49,0.73,22.81
TheHub-Chair2,1887.58,-9.43,#d62728,-110.35,0.73,22.81
TheHub-Chair2,1954.25,-9.78,#d62728,-115.63,0.73,22.81
TheHub-Chair2,2023.28,-11.84,#d62728,-121.1,0.73,22.81
TheHub-Chair2,2094.74,-11.26,#d62728,-126.42,0.73,22.81
TheHub-Chair2,2168.73,-11.43,#d62728,-131.24,0.73,22.81
TheHub-Chair2,2245.34,-11.43,#d62728,-135.16,0.73,22.81
TheHub-Chair2,2324.64,-10.67,#d62728,-107.3,0.73,22.81
TheHub-Chair2,2406.76,-10.63,#d62728,-139.02,0.73,22.81
TheHub-Chair2,2491.77,-10.37,#d62728,-138.53,0.73,22.81
TheHub-Chair2,2579.78,-9.67,#d62728,-136.43,0.73,22.81
TheHub-Chair2,2670.9,-9.53,#d62728,-133.0,0.73,22.81
TheHub-Chair2,2765.24,-8.93,#d62728,-128.78,0.73,22.81
TheHub-Chair2,2862.92,-8.43,#d62728,-124.51,0.73,22.81
TheHub-Chair2,2964.04,-8.74,#d62728,-121.1,0.73,22.81
TheHub-Chair2,3068.74,-8.22,#d62728,-119.46,0.73,22.81
TheHub-Chair2,3177.13,-7.91,#d62728,-120.33,0.73,22.81
TheHub-Chair2,3289.35,-8.25,#d62728,-124.08,0.73,22.81
TheHub-Chair2,3405.54,-8.47,#d62728,-130.51,0.73,22.81
TheHub-Chair2,3525.83,-7.2,#d62728,-138.75,0.73,22.81
TheHub-Chair2,3650.37,-8.06,#d62728,-147.33,0.73,22.81
TheHub-Chair2,3779.3,-7.94,#d62728,-154.42,0.73,22.81
TheHub-Chair2,3912.8,-7.8,#d62728,-158.3,0.73,22.81
TheHub-Chair2,4051.0,-8.26,#d62728,-157.87,0.73,22.81
TheHub-Chair2,4194.09,-7.03,#d62728,-153.26,0.73,22.81
TheHub-Chair2,4342.24,-9.43,#d62728,-146.04,0.73,22.81
TheHub-Chair2,4495.61,-7.95,#d62728,-139.05,0.73,22.81
TheHub-Chair2,4654.4,-8.9,#d62728,-135.51,0.73,22.81
TheHub-Chair2,4818.81,-8.92,#d62728,-137.8,0.73,22.81
TheHub-Chair2,4989.02,-9.24,#d62728,-146.1,0.73,22.81
TheHub-Chair2,5165.24,-8.17,#d62728,-157.75,0.73,22.81
TheHub-Chair2,5347.68,-9.37,#d62728,-167.91,0.73,22.81
TheHub-Chair2,5536.57,-10.01,#d62728,-171.71,0.73,22.81
TheHub-Chair2,5732.14,-9.04,#d62728,-167.13,0.73,22.81
TheHub-Chair2,5934.6,-9.14,#d62728,-156.97,0.73,22.81
TheHub-Chair2,6144.23,-7.56,#d62728,-148.22,0.73,22.81
TheHub-Chair2,6361.25,-7.0,#d62728,-148.04,0.73,22.81
TheHub-Chair2,6585.94,-6.72,#d62728,-158.39,0.73,22.81
TheHub-Chair2,6818.57,-6.17,#d62728,-173.14,0.73,22.81
TheHub-Chair2,7059.41,-6.76,#d62728,178.62,0.73,22.81
TheHub-Chair2,7308.77,-6.56,#d62728,-176.34,0.73,22.81
TheHub-Chair2,7566.93,-6.39,#d62728,-162.95,0.73,22.81
TheHub-Chair2,7834.2,-6.17,#d62728,-155.51,0.73,22.81
TheHub-Chair2,8110.92,-6.23,#d62728,-164.07,0.73,22.81
TheHub-Chair2,8397.41,-6.18,#d62728,178.32,0.73,22.81
TheHub-Chair2,8694.03,-6.48,#d62728,170.83,0.73,22.81
TheHub-Chair2,9001.12,-5.91,#d62728,-177.74,0.73,22.81
TheHub-Chair2,9319.05,-7.89,#d62728,-163.56,0.73,22.81
TheHub-Chair2,9648.22,-8.81,#d62728,-169.2,0.73,22.81
TheHub-Chair2,9989.01,-7.84,#d62728,170.54,0.73,22.81
TheHub-Chair2,10341.84,-7.62,#d62728,165.72,0.73,22.81
TheHub-Chair2,10707.13,-7.83,#d62728,-176.59,0.73,22.81
TheHub-Chair2,11085.33,-6.37,#d62728,-169.98,0.73,22.81
TheHub-Chair2,11476.88,-5.37,#d62728,169.41,0.73,22.81
TheHub-Chair2,11882.27,-5.64,#d62728,159.47,0.73,22.81
TheHub-Chair2,12301.97,-4.67,#d62728,179.27,0.73,22.81
TheHub-Chair2,12736.5,-4.38,#d62728,-177.8,0.73,22.81
TheHub-Chair2,13186.38,-4.77,#d62728,157.35,0.73,22.81
TheHub-Chair2,13652.14,-5.51,#d62728,162.42,0.73,22.81
TheHub-Chair2,14134.36,-5.42,#d62728,-178.53,0.73,22.81
TheHub-Chair2,14633.61,-6.8,#d62728,159.07,0.73,22.81
TheHub-Chair2,15150.5,-7.82,#d62728,154.58,0.73,22.81
TheHub-Chair2,15685.64,-8.93,#d62728,177.35,0.73,22.81
TheHub-Chair2,16239.69,-8.73,#d62728,153.13,0.73,22.81
TheHub-Chair2,16813.31,-10.69,#d62728,155.39,0.73,22.81
TheHub-Chair2,17407.18,-10.45,#d62728,171.4,0.73,22.81
TheHub-Chair2,18022.04,-10.24,#d62728,142.19,0.73,22.81
TheHub-Chair2,18658.61,-8.91,#d62728,166.45,0.73,22.81
TheHub-Chair2,19317.66,-5.4,#d62728,149.81,0.73,22.81
TheHub-Chair2,20000.0,-1.52,#d62728,151.25,0.73,22.81
